<?xml version="1.0" encoding="UTF-8" ?>
<!DOCTYPE mapper
        PUBLIC "-//mybatis.org//DTD Mapper 3.0//EN"
        "http://mybatis.org/dtd/mybatis-3-mapper.dtd">
<mapper namespace="project.server.mappers.info.IInfoMapper">

    <select id="selectEnquiry" resultType="EnquiryVo">
        select `e`.`index`, `e`.`title`, `e`.`create_date`, `e`.`author`, ifnull(`a`.`index`, 0) as `answered`
        from `info`.`enquiry` as `e`
                 left join `info`.`answer` as `a`
                           on `e`.`index` = `a`.`enquiry_index`
        <where>
            <if test = "isAdmin != 1">
                `e`.`author` = #{id}
            </if>
        </where>
    </select>

    <select id="selectEnquiryBySearch" resultType="EnquiryVo">
        SELECT `e`.`index`, `e`.`title`, `e`.`create_date`, `e`.`author`, IFNULL(`a`.`index`, 0) AS `answered`
        FROM `info`.`enquiry` AS `e`
        LEFT JOIN `info`.`answer` AS `a` ON `e`.`index` = `a`.`enquiry_index`
        <where>
            <if test="id != null">
                 `e`.`author` = #{id}
            </if>
            <if test="search != null">
                AND (`e`.`author` = #{search}
                OR `e`.`title` LIKE CONCAT('%', #{search}, '%')
                OR `e`.`content` LIKE CONCAT('%', #{search}, '%'))
            </if>
        </where>
    </select>

    <select id="selectEnquiryByIndex" resultType="EnquiryVo">
        select `e`.`index`, `title`, `content`, `e`.`create_date` as formattedCreatedDate, e.`author`, IFNULL(`a`.`index`, 0) AS `answered`
        from `info`.`enquiry` as `e`
                 LEFT JOIN `info`.`answer` AS `a` ON `e`.`index` = `a`.`enquiry_index`
        where `e`.`index` = #{index}
    </select>
    <select id="selectAnswerByIndex" resultType="AnswerVo">
        select `index`, `enquiry_index`, `answer`, `create_date` as formattedCreatedDate, `update_date` as formattedUpdatedDate, `author`
        from `info`.`answer`
        where `enquiry_index` = #{index}
          and `is_deleted` = 0
    </select>

    <insert id="insertEnquiry" useGeneratedKeys="true" keyProperty="index" >
        insert into `info`.`enquiry` (`title`, `content`, `create_date`, `author`)
        values(#{title},#{content},#{createDate},#{author})
    </insert>
    <insert id="insertAnswer" useGeneratedKeys="true" keyProperty="index" >
        insert into `info`.`answer` (`enquiry_index`, `answer`, `create_date`, `author`)
        values(#{enquiryIndex},#{answer},#{createDate},#{author})
    </insert>

    <update id="updateAnswer">
        update `info`.`answer`
        set `answer`      = #{answer},
            `update_date` = #{updateDate}
        where `enquiry_index` = #{enquiryIndex}
    </update>
    <update id="deleteAnswer">
        update `info`.`answer`
        set `is_deleted` = 1
        where `enquiry_index` = #{enquiryIndex}
    </update>




    <select id="isAnswered" resultType="AnswerEntity">
        select *
        from `info`.`answer`
        where `enquiry_index` = #{index}
          and `is_deleted` = 0
    </select>

</mapper>
