<?xml version="1.0" encoding="UTF-8" ?>
<!DOCTYPE mapper
        PUBLIC "-//mybatis.org//DTD Mapper 3.0//EN"
        "http://mybatis.org/dtd/mybatis-3-mapper.dtd">
<mapper namespace="project.server.mappers.train.ITrainMapper">

    <select id="selectStandardSeats" resultType="String">
        select `seat`
        from `train`.`train_seat`
        where `carriage` = 1
    </select>

    <select id="selectPremiumSeats" resultType="String">
        select `seat`
        from `train`.`train_seat`
        where `carriage` = 2
    </select>

<!--    <select id="test1" resultType="String">-->
<!--        select `created_date`-->
<!--        from `train`.`reservation`-->
<!--        limit 1-->
<!--    </select>-->

    <select id="selectTicketByReservationId" resultType="TicketEntity">
        select *
        from `train`.`ticket`
        where `reservation_id` = #{reservationId}
    </select>

    <select id="findByName" resultType="TrainStationEntity">
        select `index`, `station_name`, `station_code`
        from `train`.`train_station`
        where `station_name` = #{name}
    </select>

    <update id="updateDisuse">
    <![CDATA[
        update `train`.`reservation`
        set `disuse` = 1
        where `reservation_id` not in (select `sub`.`reservation_id`
                                       from (select `r`.`reservation_id`
                                             from `train`.`reservation` as `r`
                                                      left join `train`.`payment` as `p` on `p`.`payment_id` = `r`.`payment_id`
                                             where (`r`.`payment_id` is not null and `p`.`refund` = 0)
                                                or (`r`.`payment_id` is null and `expired_date` > #{nowDate})) as `sub`)
        ]]>
    </update>

    <!--    <update id="updateDisuse"><![CDATA[-->
    <!--        update `good`.`reservation`-->
    <!--        set `disuse` = 1-->
    <!--        where `reservation_id` not in (-->
    <!--            select `r`.`reservation_id`-->
    <!--            from `good`.`reservation` as `r`-->
    <!--                left join `good`.`payment` as `p` on `p`.`payment_id` = `r`.`payment_id`-->
    <!--            where (`r`.`payment_id` is not null and `p`.`refund` = 0)-->
    <!--               or (`r`.`payment_id` is null and `expired_date` > #{nowDate})-->
    <!--            )-->
    <!--        ]]></update>-->

    <update id="updateReservationPaymentId">
        update `train`.`reservation`
        set `payment_id` = #{paymentId}
        where `reservation_id` = #{reservationId}
          and `payment_id` is null
    </update>

    <update id="updateRefundToPayment">
        update `train`.`payment`
        set `refund` = 1
        where `payment_id` = #{paymentId}
    </update>
    <update id="updateCancelToReservation">
        update `train`.`reservation`
        set `disuse` = 1
        where `reservation_id` = #{reservationId} and `disuse`= 0
    </update>


    <select id="findSoldSeat" resultType="ReservationVo"><![CDATA[
        select `r`.`depart_time`,
               `r`.`depart_station`,
               `r`.`arrive_time`,
               `r`.`arrive_station`,
               `r`.`date`,
               `t`.`train_no`,
               `t`.`carriage`,
               `t`.`seat`
        from `train`.`reservation` as `r`
                 inner join `train`.`ticket` `t` on `r`.`reservation_id` = `t`.`reservation_id`
        where `t`.`train_no` = #{trainno}
          and `r`.`disuse` = 0
          and `r`.`date` = #{date}
          and `r`.`depart_time` <= #{arrplandtime}
          and `r`.`arrive_time` >= #{depplandtime}
        ]]></select>

    <select id="selectTime" resultType="TrainTimeVo">
        select `t`.`train_no`, `t2`.`station_name` , `t`.`depart_at`
        from `train`.`train_time` as `t`
        left join `train`.`train_station` as `t2` on `t`.`train_station_index` = `t2`.`index`
        where `train_no` = #{trainNo}

        <if test="trainNo % 2 == 0">
            order by `train_station_index` desc
        </if>

    </select>
    <select id="selectCharge" resultType="TrainChargeEntity">
        select `charge`,`charge_vip`
        from `train`.`train_charge`
        <where>
            <if test="depart &lt; arrive">
                and depart = #{depart} and arrive = #{arrive}
            </if>
            <if test="depart  &gt; arrive">
                and depart = #{arrive} and arrive = #{depart}
            </if>
        </where>
    </select>

    <select id="selectReservationId" resultType="ReservationEntity">
        select *
        from `train`.`reservation`
        where `reservation_id` = #{id}
    </select>
    <select id="selectReservationIdAndDisuse" resultType="ReservationEntity">
        select *
        from `train`.`reservation`
        where `reservation_id` = #{id}
          and `disuse` = 0
    </select>


    <select id="selectTicketId" resultType="TicketEntity">
        select *
        from `train`.`ticket`
        where `ticket_id` = #{id}
    </select>

    <select id="selectPaymentId" resultType="PaymentEntity">
        select *
        from `train`.`payment`
        where `payment_id` = #{id}
    </select>

    <select id="selectAge" resultType="AgeEntity">
        select *
        from `train`.`age`
    </select>
    <select id="selectTrainStations" resultType="String">
        select `station_name`
        from `train`.`train_station`
    </select>
    <select id="selectTrainNos" resultType="Integer">
        select `train_no`
        from `train`.`train_no`
    </select>
    <select id="selectReservationCntByMemberId" resultType="int">
        select count(`reservation_id`)
        from `train`.`reservation`
        where `member_id` = #{memberId}
        and `disuse` = 0
    </select>
    <insert id="saveReservation">
        insert into `train`.`reservation` (`reservation_id`, `depart_time`, `depart_station`, `arrive_time`,
                                          `arrive_station`, `date`, `expired_date`, `member_id`, `disuse`,`created_date`)
        values (#{reservationId}, #{departTime}, #{departStation}, #{arriveTime}, #{arriveStation}, #{date},
                #{expiredDate}, #{memberId}, #{disuse},#{createdDate})
    </insert>
    <insert id="saveTicket">
        insert into `train`.`ticket`
        values (#{ticketId}, #{trainNo}, #{carriage}, #{seat}, #{reservationId}, #{age}, #{price},#{discountedPrice})
    </insert>
    <insert id="savePayment">
        insert into `train`.`payment`(`payment_id`, `total_price`,`created_date`)
        values (#{paymentId}, #{totalPrice} , #{createdDate})
    </insert>

    <select id="duplicatedTicket" resultType="ReservationVo"><![CDATA[
        select *
        from `train`.`reservation` as `r`
                 inner join
             `train`.`ticket` as `t` on `r`.`reservation_id` = `t`.`reservation_id`
        where `train_no` = #{trainNo}
          and `carriage` = #{carriage}
          and `seat` = #{seat}
          and `r`.`date` = #{date}
          and `r`.`depart_time` <= #{arriveTime}
          and `r`.`arrive_time` >= #{departTime}
          and `disuse` = 0
        ]]></select>

    <select id="showReservation" resultType="ReservationVo">
        select `r`.`depart_station`,
               `r`.`depart_time`,
               `r`.`arrive_station`,
               `r`.`arrive_time`,
               `r`.`date`,
               `r`.`reservation_id`,
               `t`.`train_no`,
               `t`.`carriage`,
               `t`.`seat`,
               `t`.`age`,
               `t`.`price`,
               `t`.`ticket_id`,
                `t`.`discounted_price`

        from `train`.`reservation` as `r`
                 inner join `train`.`ticket` as `t` on `r`.`reservation_id` = `t`.`reservation_id`
        where `r`.`reservation_id` = #{reservationId}
          and `r`.`disuse` = 0

    </select>
    <select id="selectReservationByMemberId" resultType="ReservationVo">
        select `r`.`date`,
               `r`.`arrive_station`,
               `r`.`arrive_time`,
               `r`.`depart_station`,
               `r`.`depart_time`,
               `r`.`created_date` as `formattedCreatedDate`,
               `r`.`reservation_id`,
               `r`.`expired_date` as `formattedExpiredDate`,
               `r`.`payment_id`,
               count(`t`.`seat`)  as `ticketCnt`,
               `t`.`train_no`
        from `train`.`reservation` as `r`
                 left join `train`.`ticket` as `t` on `r`.`reservation_id` = `t`.`reservation_id`
        where `r`.`member_id` = #{memberId}
          and `r`.`disuse` = 0
        group by `r`.`reservation_id`, `r`.`date`, `r`.`depart_time`, `r`.`payment_id`
        order by case when `r`.`payment_id` is null then 0 else 1 end, `r`.`date`, `r`.`depart_time`


    </select>

    <select id="selectIsPayment" resultType="ReservationEntity">
        select *
        from `train`.`reservation`
        where `reservation_id` = #{id}
          and `payment_id` is null;
    </select>

</mapper>

